Название книги,Автор,Цена,Способ заказа
Психопатки. Психология женского зла,Бенеке,607,Предзаказ
"Расстаться или остаться? Как быть, когда отношения трещат по швам",Киршенбаум,590,Предзаказ
Я - странная петля,Хофштадтер,996,Купить
Психоанализ навязчивых страхов,Фрейд,272,Купить
Мозговой трест,Линден,651,Купить
Французские дети не плюются едой. Секреты воспитания из Парижа,Друкерман,275,Купить
"Самосострадание при ОКР: опирайтесь на свой страх, управляйте сложными эмоциями... Рабочая тетрадь",Куинлан,723,Купить
48 законов власти,Грин,309,Купить
33 стратегии войны,Грин,309,Купить
Человек преступный: перевод,Ломброзо,476,Купить
Мысли системно. Меняй себя и делай мир лучше с помощью интеллекта,Церенов Ц,1036,Купить
Боль. Природа женской покорности,Фрейд,460,Купить
Время женщины. Открывая новую себя,Волынец И,703,Купить
Между нами. К как преодолеть трудности в отношениях,Цех,767,Купить
Ты - кремень! Как стать психологически устойчивым,Захариадис,516,Купить
Я не лошадь,Аверьянов Г,925,Предзаказ
Психология отражений. Как образы меняют людей,Козорез С,475,Предзаказ
Я все могу: как перестать бояться перемен и начать жить своей жизнью,Соло,1099,Предзаказ
Детское чтение без принуждения: как привить любовь к чтению,Абишова З,724,Предзаказ
Не выходи на люди голым!: конструктор речевого имиджа: практическое руководство,Козелкова Н,649,Предзаказ
Беби-бомба. Руководство по выживанию для новоиспеченных родителей,"Хоппе К., Таткин",787,Купить
"Думай и богатей. Привычки, ведущие к успеху",Хилл,408,Купить
"Думай и богатей. Привычки, ведущие к успеху",Хилл,285,Купить
"Я могу! История о двух словах, которые меняют нашу жизнь",Шефер,313,Купить
